{
"texture":"newParticle.png",
"startRed":255
,"duration":3000
,"endSizeVariance":5
,"rotatePerSecond":30
,"emitAngle":180
,"blendFactorDestination":"oneMinusSourceAlpha"
,"emitAngleVariance":360
,"radialAcceleration":0
,"endBlue":255
,"startRotation":0
,"speed":0
,"gravity":{"x":0,"y":600}
,"startRotationVariance":20
,"maxParticles":40
,"endRotation":263.58
,"endBlueVariance":0
,"startBlueVariance":0
,"startGreen":255
,"startAlpha":0.8901960784313725
,"engGreenVariance":0
,"endRotationVariance":292.07
,"startRedVariance":0
,"startGreenVariance":0
,"startBlue":255
,"startAlphaVariance":0
,"emitter":{"x":300,"y":-100}
,"endRedVariance":0
,"emitterType":0
,"blendFactorSource":"one"
,"speedVariance":50
,"tangentialAccelerationVariance":0
,"radialAccelerationVariance":0
,"maxRadius":100
,"endAlphaVariance":0
,"tangentialAcceleration":0
,"maxRadiusVariance":30
,"lifespan":2230
,"endRed":255
,"minRadius":20
,"lifespanVariance":700
,"minRadiusVariance":10
,"startSize":50
,"emitterVariance":{"x":300,"y":2}
,"endGreen":255
,"startSizeVariance":10
,"endAlpha":1
,"rotatePerSecondVariance":10
,"endSize":30
}